{
  "monthly": [
    {
      "id": 1,
      "name": "Lorem ipsum dolor sit amet",
      "startdate": "2016-9-15",
      "enddate": "2016-9-18",
      "starttime": "12:00",
      "endtime": "2:00",
      "color": "#cc1717",
      "url": ""
    },
    {
      "id": 2,
      "name": "consectetur adipiscing elit",
      "startdate": "2016-9-15",
      "enddate": "",
      "starttime": "12:00",
      "endtime": "2:00",
      "color": "#178bcc",
      "url": ""
    },
    {
      "id": 3,
      "name": "Sed fermentum ex vitae nisl",
      "startdate": "2016-10-15",
      "enddate": "2016-10-16",
      "starttime": "12:00",
      "endtime": "2:00",
      "color": "#17cc90",
      "url": ""
    },
    {
      "id": 4,
      "name": "condimentum, vel eleifend",
      "startdate": "2016-10-8",
      "enddate": "",
      "starttime": "12:00",
      "endtime": "2:00",
      "color": "#6bcc17",
      "url": ""
    },
    {
      "id": 5,
      "name": "consectetur adipiscing elit",
      "startdate": "2016-11-2",
      "enddate": "",
      "starttime": "12:00",
      "endtime": "2:00",
      "color": "#ffb600",
      "url": ""
    },
    {
      "id": 6,
      "name": "Aliquam pulvinar arcu sed",
      "startdate": "2016-11-10",
      "enddate": "2016-11-14",
      "starttime": "12:00",
      "endtime": "2:00",
      "color": "#ea6a13",
      "url": ""
    },
    {
      "id": 7,
      "name": "Donec commodo nibh",
      "startdate": "2016-12-5",
      "enddate": "",
      "starttime": "12:00",
      "endtime": "2:00",
      "color": "#7f0dc9",
      "url": ""
    },
    {
      "id": 8,
      "name": "metus porttitor, sed laoreet",
      "startdate": "2016-12-15",
      "enddate": "",
      "starttime": "12:00",
      "endtime": "2:00",
      "color": "#2cb742",
      "url": ""
    },
    {
      "id": 9,
      "name": "Nullam id purus sed tellus",
      "startdate": "2016-12-25",
      "enddate": "",
      "starttime": "12:00",
      "endtime": "2:00",
      "color": "#55acee",
      "url": ""
    },
    {
      "id": 10,
      "name": "Donec fringilla odio ac sapien",
      "startdate": "2016-12-20",
      "enddate": "2016-12-23",
      "starttime": "12:00",
      "endtime": "2:00",
      "color": "#3b5998",
      "url": ""
    },
    {
      "id": 11,
      "name": "Lacus efficitur interdum",
      "startdate": "2016-11-17",
      "enddate": "2016-11-18",
      "starttime": "12:00",
      "endtime": "2:00",
      "color": "#363b5b",
      "url": ""
    },
    {
      "id": 12,
      "name": "Morbi ut justo",
      "startdate": "2016-11-22",
      "enddate": "2016-11-25",
      "starttime": "12:00",
      "endtime": "2:00",
      "color": "#606ddd",
      "url": ""
    },
    {
      "id": 13,
      "name": "Duis ut mi quis nisl",
      "startdate": "2016-10-28",
      "enddate": "2016-10-31",
      "starttime": "12:00",
      "endtime": "2:00",
      "color": "#1bc9e4",
      "url": ""
    },
    {
      "id": 14,
      "name": "Nunc tincidunt venenatis",
      "startdate": "2016-10-2",
      "enddate": "2016-10-4",
      "starttime": "12:00",
      "endtime": "2:00",
      "color": "#cde422",
      "url": ""
    },
    {
      "id": 15,
      "name": "Maecenas eget odio non",
      "startdate": "2016-9-8",
      "enddate": "2016-9-8",
      "starttime": "12:00",
      "endtime": "2:00",
      "color": "#febf34",
      "url": ""
    },
    {
      "id": 16,
      "name": "Finibus interdum",
      "startdate": "2016-9-12",
      "enddate": "",
      "starttime": "12:00",
      "endtime": "2:00",
      "color": "#ff4a5d",
      "url": ""
    }
  ]
}
